,Active,Canceled,Done,Failed,Launching,New,PendingActive,PendingLaunch,cores,finished,n_units,pid,resource,runtime,sid,started
0,537.34561419487,599.464093208313,,,10.900137186050415,10.040184020996094,45.12217712402344,10.040184020996094,128,599.464093208313,129,pilot.0000,xsede.stampede,10,rp.session.radical.vivek.016996.0006,537.34561419487
