,Active,Canceled,Done,Failed,Launching,New,PendingActive,PendingLaunch,cores,finished,n_units,pid,resource,runtime,sid,started
0,169.09036302566528,244.96450304985046,,,9.261085033416748,9.152320861816406,44.57855701446533,9.152320861816406,128,244.96450304985046,129,pilot.0000,xsede.stampede,10,rp.session.radical.vivek.016995.0001,169.09036302566528
