,Active,Canceled,Done,Failed,Launching,New,PendingActive,PendingLaunch,cores,finished,n_units,pid,resource,runtime,sid,started
0,81.91746091842651,155.3425269126892,,,7.433367013931274,6.529581069946289,40.80561804771423,6.529581069946289,128,155.3425269126892,129,pilot.0000,xsede.stampede,10,rp.session.radical.vivek.016996.0019,81.91746091842651
