,Active,Canceled,Done,Failed,Launching,New,PendingActive,PendingLaunch,cores,finished,n_units,pid,resource,runtime,sid,started
0,756.3503921031952,809.6679360866547,,,8.608752965927124,8.44539499282837,45.76270794868469,8.44539499282837,32,809.6679360866547,33,pilot.0000,xsede.stampede,10,rp.session.radical.vivek.016994.0015,756.3503921031952
