,Active,Canceled,Done,Failed,Launching,New,PendingActive,PendingLaunch,cores,finished,n_units,pid,resource,runtime,sid,started
0,90.309650182724,143.26314115524292,,,9.738577127456665,9.13264513015747,47.32930302619934,9.13264513015747,64,143.26314115524292,65,pilot.0000,xsede.stampede,10,rp.session.radical.vivek.016996.0018,90.309650182724
