,Active,Canceled,Done,Failed,Launching,New,PendingActive,PendingLaunch,cores,finished,n_units,pid,resource,runtime,sid,started
0,101.02046394348145,154.33654808998108,,,9.63896107673645,9.39218807220459,46.145416021347046,9.39218807220459,16,154.33654808998108,17,pilot.0000,xsede.stampede,10,rp.session.radical.vivek.016996.0016,101.02046394348145
