,Active,Canceled,Done,Failed,Launching,New,PendingActive,PendingLaunch,cores,finished,n_units,pid,resource,runtime,sid,started
0,725.9312179088593,778.4275069236755,,,10.764631032943726,9.876480102539062,55.30949687957764,9.876480102539062,32,778.4275069236755,33,pilot.0000,xsede.stampede,10,rp.session.radical.vivek.016996.0014,725.9312179088593
