,Active,Canceled,Done,Failed,Launching,New,PendingActive,PendingLaunch,cores,finished,n_units,pid,resource,runtime,sid,started
0,100.17528295516968,153.18042087554932,,,10.763999938964844,9.716054916381836,59.08390784263611,9.716054916381836,32,153.18042087554932,33,pilot.0000,xsede.stampede,10,rp.session.radical.vivek.016996.0017,100.17528295516968
