,Active,Canceled,Done,Failed,Launching,New,PendingActive,PendingLaunch,cores,finished,n_units,pid,resource,runtime,sid,started
0,138.2229220867157,190.8911690711975,,,7.529950141906738,7.052849054336548,43.231213092803955,7.052849054336548,64,190.8911690711975,65,pilot.0000,xsede.stampede,10,rp.session.radical.vivek.016995.0000,138.2229220867157
