,Active,Canceled,Done,Failed,Launching,New,PendingActive,PendingLaunch,cores,finished,n_units,pid,resource,runtime,sid,started
0,120.56235814094543,183.4545121192932,,,9.781078100204468,8.745288133621216,55.7616491317749,8.745288133621216,64,183.4545121192932,65,pilot.0000,xsede.stampede,10,rp.session.radical.vivek.016996.0007,120.56235814094543
